{
  "assetsByChunkName": {
    "component---src-pages-index-js": [
      "component---src-pages-index-js-d9e1fa18aaeb1b88764d.js",
      "component---src-pages-index-js-d9e1fa18aaeb1b88764d.js.map"
    ],
    "path---nba-subreddit-sentiment-pt-2": [
      "path---nba-subreddit-sentiment-pt-2-de5c87502160ad63356a.js",
      "path---nba-subreddit-sentiment-pt-2-de5c87502160ad63356a.js.map"
    ],
    "path---": [
      "path----557518bd178906f8d58a.js",
      "path----557518bd178906f8d58a.js.map"
    ],
    "component---src-templates-resume-js": [
      "component---src-templates-resume-js-3879753afbe738d8f5d8.js",
      "component---src-templates-resume-js-3879753afbe738d8f5d8.js.map"
    ],
    "path---projects": [
      "path---projects-a0e39f21c11f6a62c5ab.js",
      "path---projects-a0e39f21c11f6a62c5ab.js.map"
    ],
    "path---fourth-post": [
      "path---fourth-post-bd2e211f4b64d82e3a71.js",
      "path---fourth-post-bd2e211f4b64d82e3a71.js.map"
    ],
    "component---src-layouts-index-js": [
      "component---src-layouts-index-js-7fcb1476771b1481515b.js",
      "component---src-layouts-index-js-7fcb1476771b1481515b.js.map"
    ],
    "path---hypothesis-testing": [
      "path---hypothesis-testing-63fe59703fde24fe8c85.js",
      "path---hypothesis-testing-63fe59703fde24fe8c85.js.map"
    ],
    "path---index": [
      "path---index-6b3b09f8e6b24a6fb4f5.js",
      "path---index-6b3b09f8e6b24a6fb4f5.js.map"
    ],
    "component---src-pages-404-js": [
      "component---src-pages-404-js-4503918ea3a16cfcdb75.js",
      "component---src-pages-404-js-4503918ea3a16cfcdb75.js.map"
    ],
    "commons": [
      "commons-5ffad0295fd1bf4d5a0e.js",
      "build-js-styles.css",
      "commons-5ffad0295fd1bf4d5a0e.js.map",
      "build-js-styles.css.map"
    ],
    "path---404-html": [
      "path---404-html-a0e39f21c11f6a62c5ab.js",
      "path---404-html-a0e39f21c11f6a62c5ab.js.map"
    ],
    "path---index-2": [
      "path---index-2-9971c07cf67af8cf67f2.js",
      "path---index-2-9971c07cf67af8cf67f2.js.map"
    ],
    "component---src-templates-post-js": [
      "component---src-templates-post-js-3a58d250ad401d7280bc.js",
      "component---src-templates-post-js-3a58d250ad401d7280bc.js.map"
    ],
    "component---src-pages-projects-js": [
      "component---src-pages-projects-js-c93e9f3af18cb4091171.js",
      "component---src-pages-projects-js-c93e9f3af18cb4091171.js.map"
    ],
    "app": [
      "app-2c59e9a29bb6e042d0cf.js",
      "build-js-styles.css",
      "app-2c59e9a29bb6e042d0cf.js.map",
      "build-js-styles.css.map"
    ],
    "path---404": [
      "path---404-a0e39f21c11f6a62c5ab.js",
      "path---404-a0e39f21c11f6a62c5ab.js.map"
    ],
    "path---cfbrecruiting": [
      "path---cfbrecruiting-faebb36bbeb8f66ec7e4.js",
      "path---cfbrecruiting-faebb36bbeb8f66ec7e4.js.map"
    ],
    "path---nba-subreddit-sentiment-pt-3": [
      "path---nba-subreddit-sentiment-pt-3-70637bc463c6aaba5e7c.js",
      "path---nba-subreddit-sentiment-pt-3-70637bc463c6aaba5e7c.js.map"
    ],
    "path---nba-subreddit-sentiment-pt-1": [
      "path---nba-subreddit-sentiment-pt-1-471b1c8f4195c25ed83d.js",
      "path---nba-subreddit-sentiment-pt-1-471b1c8f4195c25ed83d.js.map"
    ],
    "path---machine-learning-your-death": [
      "path---machine-learning-your-death-35ed3a406e940614d44c.js",
      "path---machine-learning-your-death-35ed3a406e940614d44c.js.map"
    ],
    "path---about": [
      "path---about-de0e83140b915deb5e74.js",
      "path---about-de0e83140b915deb5e74.js.map"
    ],
    "component---src-pages-index-2-js": [
      "component---src-pages-index-2-js-a115346a54daea273273.js",
      "component---src-pages-index-2-js-a115346a54daea273273.js.map"
    ]
  }
}